insert into students (id, name) values (1, 'Garvy Haddleston');
insert into students (id, name) values (2, 'Riobard Stennet');
insert into students (id, name) values (3, 'Herculie Gartside');
insert into students (id, name) values (4, 'Blanche Brose');
insert into students (id, name) values (5, 'Chantalle Guillon');
insert into students (id, name) values (6, 'Marty O''Glessane');
insert into students (id, name) values (7, 'Ninette Bromhead');
insert into students (id, name) values (8, 'Jesselyn Rangle');
insert into students (id, name) values (9, 'Nessa Placido');
insert into students (id, name) values (10, 'Dniren Kelling');
insert into students (id, name) values (11, 'Clarissa Lyttle');
insert into students (id, name) values (12, 'Fan Schober');
insert into students (id, name) values (13, 'Manya Escalera');
insert into students (id, name) values (14, 'Jamison Caffin');
insert into students (id, name) values (15, 'Hermon Cullabine');
insert into students (id, name) values (16, 'Alfi MacGaughey');
insert into students (id, name) values (17, 'Hodge Latch');
insert into students (id, name) values (18, 'Christoffer Ney');
insert into students (id, name) values (19, 'Russell Rickaert');
insert into students (id, name) values (20, 'Rinaldo Delaprelle');
insert into students (id, name) values (21, 'Oneida Lamort');
insert into students (id, name) values (22, 'Chickie Cleevely');
insert into students (id, name) values (23, 'Celka Bullick');
insert into students (id, name) values (24, 'Rhona Perrycost');
insert into students (id, name) values (25, 'Cornie Schimank');
insert into students (id, name) values (26, 'Gardiner Christou');
insert into students (id, name) values (27, 'Junia Braxton');
insert into students (id, name) values (28, 'Herc Jacquemot');
insert into students (id, name) values (29, 'Rey Stoneman');
insert into students (id, name) values (30, 'Ralph Massimo');
insert into students (id, name) values (31, 'Tristam Steketee');
insert into students (id, name) values (32, 'Laraine Lawlor');
insert into students (id, name) values (33, 'Vasili Swale');
insert into students (id, name) values (34, 'Sutherlan Riseborough');
insert into students (id, name) values (35, 'Johnnie Cawthorn');
insert into students (id, name) values (36, 'Jeannie Ingrey');
insert into students (id, name) values (37, 'Rori Paty');
insert into students (id, name) values (38, 'Mitchell L''Amie');
insert into students (id, name) values (39, 'Ronny Marcussen');
insert into students (id, name) values (40, 'Jacobo Hammel');
insert into students (id, name) values (41, 'Paten Rosell');
insert into students (id, name) values (42, 'Astrid Le Guin');
insert into students (id, name) values (43, 'Sheilakathryn Gilman');
insert into students (id, name) values (44, 'Kane Redsull');
insert into students (id, name) values (45, 'Alvina Gatch');
insert into students (id, name) values (46, 'Mikol Fuidge');
insert into students (id, name) values (47, 'Aeriel Lagde');
insert into students (id, name) values (48, 'Zonnya Hartness');
insert into students (id, name) values (49, 'Bron Sexten');
insert into students (id, name) values (50, 'Shirlee Mugglestone');
insert into students (id, name) values (51, 'Helena McMichan');
insert into students (id, name) values (52, 'Celie Deble');
insert into students (id, name) values (53, 'Leoline Wilmott');
insert into students (id, name) values (54, 'Sara Callander');
insert into students (id, name) values (55, 'Vida Kyme');
insert into students (id, name) values (56, 'Billi Atger');
insert into students (id, name) values (57, 'Omero Gianni');
insert into students (id, name) values (58, 'Stacey Catterell');
insert into students (id, name) values (59, 'Sean Iapico');
insert into students (id, name) values (60, 'Kristo Viste');
insert into students (id, name) values (61, 'Kissee Ghidotti');
insert into students (id, name) values (62, 'Maris Overel');
insert into students (id, name) values (63, 'Merill McAdam');
insert into students (id, name) values (64, 'Michel Arne');
insert into students (id, name) values (65, 'Ludwig Leblanc');
insert into students (id, name) values (66, 'Billi Dorken');
insert into students (id, name) values (67, 'Sadie McCadden');
insert into students (id, name) values (68, 'Bartolomeo Dohr');
insert into students (id, name) values (69, 'Tobye Angric');
insert into students (id, name) values (70, 'Patrice Arrowsmith');
insert into students (id, name) values (71, 'Agnes Daintier');
insert into students (id, name) values (72, 'Melinda Jurn');
insert into students (id, name) values (73, 'Chadwick Buckle');
insert into students (id, name) values (74, 'Jobie Hamner');
insert into students (id, name) values (75, 'Toby Edling');
insert into students (id, name) values (76, 'Bordy Vellden');
insert into students (id, name) values (77, 'Cart Merrywether');
insert into students (id, name) values (78, 'Aurora Treleven');
insert into students (id, name) values (79, 'Amalita Roche');
insert into students (id, name) values (80, 'Marshal Vagges');
insert into students (id, name) values (81, 'Emily Brewers');
insert into students (id, name) values (82, 'Dasi Neagle');
insert into students (id, name) values (83, 'Adham Armin');
insert into students (id, name) values (84, 'Lewes Genge');
insert into students (id, name) values (85, 'Gayler Frossell');
insert into students (id, name) values (86, 'Belicia Udden');
insert into students (id, name) values (87, 'Desirae Daniau');
insert into students (id, name) values (88, 'Katrinka Tenaunt');
insert into students (id, name) values (89, 'Sandra Dawtrey');
insert into students (id, name) values (90, 'Werner Viollet');
insert into students (id, name) values (91, 'Pat Lenham');
insert into students (id, name) values (92, 'Timoteo Nelius');
insert into students (id, name) values (93, 'Sophia Letertre');
insert into students (id, name) values (94, 'Dorine Petrazzi');
insert into students (id, name) values (95, 'Maryrose Berre');
insert into students (id, name) values (96, 'Vevay Font');
insert into students (id, name) values (97, 'Mohammed Preston');
insert into students (id, name) values (98, 'Robby Grece');
insert into students (id, name) values (99, 'Anica Ottam');
insert into students (id, name) values (100, 'Edlin Sibbons');
insert into students (id, name) values (101, 'Benita Warbey');
insert into students (id, name) values (102, 'Pearle de Clercq');
insert into students (id, name) values (103, 'Bailie Dankersley');
insert into students (id, name) values (104, 'Cassandra Paskell');
insert into students (id, name) values (105, 'Elysee Gillies');
insert into students (id, name) values (106, 'Conan Cattanach');
insert into students (id, name) values (107, 'Joli Rykert');
insert into students (id, name) values (108, 'Issie Cowlishaw');
insert into students (id, name) values (109, 'Harriette Sanpere');
insert into students (id, name) values (110, 'Blanche Jesteco');
insert into students (id, name) values (111, 'Griselda Fazakerley');
insert into students (id, name) values (112, 'Kellsie Bunton');
insert into students (id, name) values (113, 'Gabby Maggiori');
insert into students (id, name) values (114, 'Baxter Hinder');
insert into students (id, name) values (115, 'Addison Argyle');
insert into students (id, name) values (116, 'Zared Bather');
insert into students (id, name) values (117, 'Corena Dunbar');
insert into students (id, name) values (118, 'Kipper Funnell');
insert into students (id, name) values (119, 'Siffre Sogg');
insert into students (id, name) values (120, 'Tades Levens');
insert into students (id, name) values (121, 'Norean Haig');
insert into students (id, name) values (122, 'Rhetta Ewin');
insert into students (id, name) values (123, 'Cosimo Laming');
insert into students (id, name) values (124, 'Clementia Barrell');
insert into students (id, name) values (125, 'Vincents Hallaways');
insert into students (id, name) values (126, 'Garrick Antonov');
insert into students (id, name) values (127, 'Augusto Maciejewski');
insert into students (id, name) values (128, 'Kellyann Boullen');
insert into students (id, name) values (129, 'Ondrea Swinn');
insert into students (id, name) values (130, 'Pierre Dennitts');
insert into students (id, name) values (131, 'Emanuel Cossins');
insert into students (id, name) values (132, 'Hinze Bendtsen');
insert into students (id, name) values (133, 'Vanessa Dradey');
insert into students (id, name) values (134, 'Cele Billingham');
insert into students (id, name) values (135, 'Joellyn Fardo');
insert into students (id, name) values (136, 'Martainn Mitkcov');
insert into students (id, name) values (137, 'Garrick Gerner');
insert into students (id, name) values (138, 'Datha Bater');
insert into students (id, name) values (139, 'Fernande Milkin');
insert into students (id, name) values (140, 'Malynda Goldston');
insert into students (id, name) values (141, 'Merlina Tesche');
insert into students (id, name) values (142, 'Noble Moorcroft');
insert into students (id, name) values (143, 'Gae Butterfill');
insert into students (id, name) values (144, 'Amalea Sparhawk');
insert into students (id, name) values (145, 'Ashby Grayham');
insert into students (id, name) values (146, 'Madlen Bruno');
insert into students (id, name) values (147, 'Raddy Imlock');
insert into students (id, name) values (148, 'Teddie Medley');
insert into students (id, name) values (149, 'Harlie Franchi');
insert into students (id, name) values (150, 'Arnuad Rowesby');
insert into students (id, name) values (151, 'Robert Beales');
insert into students (id, name) values (152, 'Constancia Catling');
insert into students (id, name) values (153, 'Michell Barling');
insert into students (id, name) values (154, 'Zitella Kalkofer');
insert into students (id, name) values (155, 'Gayle Merry');
insert into students (id, name) values (156, 'Shawn Happel');
insert into students (id, name) values (157, 'Mike Oldman');
insert into students (id, name) values (158, 'Wes Popley');
insert into students (id, name) values (159, 'Ramsay Stearn');
insert into students (id, name) values (160, 'Jamie Heffer');
insert into students (id, name) values (161, 'Nikolai Menego');
insert into students (id, name) values (162, 'Rosco Kearford');
insert into students (id, name) values (163, 'Kimberli Gutowski');
insert into students (id, name) values (164, 'Lorenzo Getcliff');
insert into students (id, name) values (165, 'Ardelle Demare');
insert into students (id, name) values (166, 'Helaina Anfrey');
insert into students (id, name) values (167, 'Aurea Pinilla');
insert into students (id, name) values (168, 'Rafferty Gidden');
insert into students (id, name) values (169, 'Christine Dahlgren');
insert into students (id, name) values (170, 'Casandra Wyllt');
insert into students (id, name) values (171, 'Cinda Dutch');
insert into students (id, name) values (172, 'Henrie Zelake');
insert into students (id, name) values (173, 'Muffin Vittle');
insert into students (id, name) values (174, 'Lorne Molohan');
insert into students (id, name) values (175, 'Rubi Adcocks');
insert into students (id, name) values (176, 'Shana Bollini');
insert into students (id, name) values (177, 'Lettie Tipling');
insert into students (id, name) values (178, 'Nicholle Starbuck');
insert into students (id, name) values (179, 'Vallie Mudle');
insert into students (id, name) values (180, 'Jeramie Anster');
insert into students (id, name) values (181, 'Darby Duchart');
insert into students (id, name) values (182, 'Bernard Alleyn');
insert into students (id, name) values (183, 'Michaella Niece');
insert into students (id, name) values (184, 'Amery Hoxey');
insert into students (id, name) values (185, 'Bradley Wilcock');
insert into students (id, name) values (186, 'Adair Kinsley');
insert into students (id, name) values (187, 'Casar Bellward');
insert into students (id, name) values (188, 'Trula Tongue');
insert into students (id, name) values (189, 'Renaud Drinkwater');
insert into students (id, name) values (190, 'Hildegarde Gelder');
insert into students (id, name) values (191, 'Seka La Grange');
insert into students (id, name) values (192, 'Merilyn Limming');
insert into students (id, name) values (193, 'Kendre Prando');
insert into students (id, name) values (194, 'Maurine Bampford');
insert into students (id, name) values (195, 'Lurline Petras');
insert into students (id, name) values (196, 'Haslett McKinnon');
insert into students (id, name) values (197, 'Kylen O''Cooney');
insert into students (id, name) values (198, 'Lorilyn Broggelli');
insert into students (id, name) values (199, 'Steven Hazeldean');
insert into students (id, name) values (200, 'Cross Hutley');
--------------------------------------------- BREAK ---------------------------------------------------
insert into teachers (id, name) values (1, 'Englebert Torry');
insert into teachers (id, name) values (2, 'Jorey Siveter');
insert into teachers (id, name) values (3, 'Emanuel Verbeke');
insert into teachers (id, name) values (4, 'Cedric Lineen');
insert into teachers (id, name) values (5, 'Thomasine Buxcey');
--------------------------------------------- BREAK ---------------------------------------------------
insert into classes (id, name, teacher_id, description) values (1, '9Y', 1, 'Praesent lectus. Vestibulum quam sapien, varius ut, blandit non, interdum in, ante.');
insert into classes (id, name, teacher_id, description) values (2, '9Q', 1, 'Proin leo odio, porttitor id, consequat in, consequat ut, nulla. Sed accumsan felis.');
insert into classes (id, name, teacher_id, description) values (3, '6G', 2, 'In sagittis dui vel nisl.');
insert into classes (id, name, teacher_id, description) values (4, '1S', 2, 'Morbi vel lectus in quam fringilla rhoncus.');
insert into classes (id, name, teacher_id, description) values (5, '5R', 3, 'Aenean auctor gravida sem.');
insert into classes (id, name, teacher_id, description) values (6, '9N', 3, 'Maecenas leo odio, condimentum id, luctus nec, molestie sed, justo.');
insert into classes (id, name, teacher_id, description) values (7, '0N', 4, 'Curabitur at ipsum ac tellus semper interdum. Mauris ullamcorper purus sit amet nulla.');
insert into classes (id, name, teacher_id, description) values (8, '4I', 4, 'In congue. Etiam justo.');
insert into classes (id, name, teacher_id, description) values (9, '1M', 5, 'Curabitur in libero ut massa volutpat convallis.');
insert into classes (id, name, teacher_id, description) values (10, '2V', 5, 'Aliquam erat volutpat.');

insert into classes (id, name, teacher_id, description) values (11, 'SPEC4M', 1, 'Donec quis orci eget orci vehicula condimentum.');
insert into classes (id, name, teacher_id, description) values (12, 'SPEC4D', 2, 'Nunc rhoncus dui vel sem. Sed sagittis.');
insert into classes (id, name, teacher_id, description) values (13, 'SPEC6Z', 3, 'In hac habitasse platea dictumst. Etiam faucibus cursus urna.');
insert into classes (id, name, teacher_id, description) values (14, 'SPEC6R', 4, 'In hac habitasse platea dictumst. Maecenas ut massa quis augue luctus tincidunt.');
insert into classes (id, name, teacher_id, description) values (15, 'SPEC9B', 5, 'Aliquam augue quam, sollicitudin vitae, consectetuer eget, rutrum at, lorem. Integer tincidunt ante vel ipsum.');
--------------------------------------------- BREAK ---------------------------------------------------
insert into classes_students (class_id, student_id) values (1, 1);
insert into classes_students (class_id, student_id) values (1, 2);
insert into classes_students (class_id, student_id) values (1, 3);
insert into classes_students (class_id, student_id) values (1, 4);
insert into classes_students (class_id, student_id) values (1, 5);
insert into classes_students (class_id, student_id) values (1, 6);
insert into classes_students (class_id, student_id) values (1, 7);
insert into classes_students (class_id, student_id) values (1, 8);
insert into classes_students (class_id, student_id) values (1, 9);
insert into classes_students (class_id, student_id) values (1, 10);
insert into classes_students (class_id, student_id) values (1, 11);
insert into classes_students (class_id, student_id) values (1, 12);
insert into classes_students (class_id, student_id) values (1, 13);
insert into classes_students (class_id, student_id) values (1, 14);
insert into classes_students (class_id, student_id) values (1, 15);
insert into classes_students (class_id, student_id) values (1, 16);
insert into classes_students (class_id, student_id) values (1, 17);
insert into classes_students (class_id, student_id) values (1, 18);
insert into classes_students (class_id, student_id) values (1, 19);
insert into classes_students (class_id, student_id) values (1, 20);
insert into classes_students (class_id, student_id) values (2, 21);
insert into classes_students (class_id, student_id) values (2, 22);
insert into classes_students (class_id, student_id) values (2, 23);
insert into classes_students (class_id, student_id) values (2, 24);
insert into classes_students (class_id, student_id) values (2, 25);
insert into classes_students (class_id, student_id) values (2, 26);
insert into classes_students (class_id, student_id) values (2, 27);
insert into classes_students (class_id, student_id) values (2, 28);
insert into classes_students (class_id, student_id) values (2, 29);
insert into classes_students (class_id, student_id) values (2, 30);
insert into classes_students (class_id, student_id) values (2, 31);
insert into classes_students (class_id, student_id) values (2, 32);
insert into classes_students (class_id, student_id) values (2, 33);
insert into classes_students (class_id, student_id) values (2, 34);
insert into classes_students (class_id, student_id) values (2, 35);
insert into classes_students (class_id, student_id) values (2, 36);
insert into classes_students (class_id, student_id) values (2, 37);
insert into classes_students (class_id, student_id) values (2, 38);
insert into classes_students (class_id, student_id) values (2, 39);
insert into classes_students (class_id, student_id) values (2, 40);
insert into classes_students (class_id, student_id) values (3, 41);
insert into classes_students (class_id, student_id) values (3, 42);
insert into classes_students (class_id, student_id) values (3, 43);
insert into classes_students (class_id, student_id) values (3, 44);
insert into classes_students (class_id, student_id) values (3, 45);
insert into classes_students (class_id, student_id) values (3, 46);
insert into classes_students (class_id, student_id) values (3, 47);
insert into classes_students (class_id, student_id) values (3, 48);
insert into classes_students (class_id, student_id) values (3, 49);
insert into classes_students (class_id, student_id) values (3, 50);
insert into classes_students (class_id, student_id) values (3, 51);
insert into classes_students (class_id, student_id) values (3, 52);
insert into classes_students (class_id, student_id) values (3, 53);
insert into classes_students (class_id, student_id) values (3, 54);
insert into classes_students (class_id, student_id) values (3, 55);
insert into classes_students (class_id, student_id) values (3, 56);
insert into classes_students (class_id, student_id) values (3, 57);
insert into classes_students (class_id, student_id) values (3, 58);
insert into classes_students (class_id, student_id) values (3, 59);
insert into classes_students (class_id, student_id) values (3, 60);
insert into classes_students (class_id, student_id) values (4, 61);
insert into classes_students (class_id, student_id) values (4, 62);
insert into classes_students (class_id, student_id) values (4, 63);
insert into classes_students (class_id, student_id) values (4, 64);
insert into classes_students (class_id, student_id) values (4, 65);
insert into classes_students (class_id, student_id) values (4, 66);
insert into classes_students (class_id, student_id) values (4, 67);
insert into classes_students (class_id, student_id) values (4, 68);
insert into classes_students (class_id, student_id) values (4, 69);
insert into classes_students (class_id, student_id) values (4, 70);
insert into classes_students (class_id, student_id) values (4, 71);
insert into classes_students (class_id, student_id) values (4, 72);
insert into classes_students (class_id, student_id) values (4, 73);
insert into classes_students (class_id, student_id) values (4, 74);
insert into classes_students (class_id, student_id) values (4, 75);
insert into classes_students (class_id, student_id) values (4, 76);
insert into classes_students (class_id, student_id) values (4, 77);
insert into classes_students (class_id, student_id) values (4, 78);
insert into classes_students (class_id, student_id) values (4, 79);
insert into classes_students (class_id, student_id) values (4, 80);
insert into classes_students (class_id, student_id) values (5, 81);
insert into classes_students (class_id, student_id) values (5, 82);
insert into classes_students (class_id, student_id) values (5, 83);
insert into classes_students (class_id, student_id) values (5, 84);
insert into classes_students (class_id, student_id) values (5, 85);
insert into classes_students (class_id, student_id) values (5, 86);
insert into classes_students (class_id, student_id) values (5, 87);
insert into classes_students (class_id, student_id) values (5, 88);
insert into classes_students (class_id, student_id) values (5, 89);
insert into classes_students (class_id, student_id) values (5, 90);
insert into classes_students (class_id, student_id) values (5, 91);
insert into classes_students (class_id, student_id) values (5, 92);
insert into classes_students (class_id, student_id) values (5, 93);
insert into classes_students (class_id, student_id) values (5, 94);
insert into classes_students (class_id, student_id) values (5, 95);
insert into classes_students (class_id, student_id) values (5, 96);
insert into classes_students (class_id, student_id) values (5, 97);
insert into classes_students (class_id, student_id) values (5, 98);
insert into classes_students (class_id, student_id) values (5, 99);
insert into classes_students (class_id, student_id) values (5, 100);
insert into classes_students (class_id, student_id) values (6, 101);
insert into classes_students (class_id, student_id) values (6, 102);
insert into classes_students (class_id, student_id) values (6, 103);
insert into classes_students (class_id, student_id) values (6, 104);
insert into classes_students (class_id, student_id) values (6, 105);
insert into classes_students (class_id, student_id) values (6, 106);
insert into classes_students (class_id, student_id) values (6, 107);
insert into classes_students (class_id, student_id) values (6, 108);
insert into classes_students (class_id, student_id) values (6, 109);
insert into classes_students (class_id, student_id) values (6, 110);
insert into classes_students (class_id, student_id) values (6, 111);
insert into classes_students (class_id, student_id) values (6, 112);
insert into classes_students (class_id, student_id) values (6, 113);
insert into classes_students (class_id, student_id) values (6, 114);
insert into classes_students (class_id, student_id) values (6, 115);
insert into classes_students (class_id, student_id) values (6, 116);
insert into classes_students (class_id, student_id) values (6, 117);
insert into classes_students (class_id, student_id) values (6, 118);
insert into classes_students (class_id, student_id) values (6, 119);
insert into classes_students (class_id, student_id) values (6, 120);
insert into classes_students (class_id, student_id) values (7, 121);
insert into classes_students (class_id, student_id) values (7, 122);
insert into classes_students (class_id, student_id) values (7, 123);
insert into classes_students (class_id, student_id) values (7, 124);
insert into classes_students (class_id, student_id) values (7, 125);
insert into classes_students (class_id, student_id) values (7, 126);
insert into classes_students (class_id, student_id) values (7, 127);
insert into classes_students (class_id, student_id) values (7, 128);
insert into classes_students (class_id, student_id) values (7, 129);
insert into classes_students (class_id, student_id) values (7, 130);
insert into classes_students (class_id, student_id) values (7, 131);
insert into classes_students (class_id, student_id) values (7, 132);
insert into classes_students (class_id, student_id) values (7, 133);
insert into classes_students (class_id, student_id) values (7, 134);
insert into classes_students (class_id, student_id) values (7, 135);
insert into classes_students (class_id, student_id) values (7, 136);
insert into classes_students (class_id, student_id) values (7, 137);
insert into classes_students (class_id, student_id) values (7, 138);
insert into classes_students (class_id, student_id) values (7, 139);
insert into classes_students (class_id, student_id) values (7, 140);
insert into classes_students (class_id, student_id) values (8, 141);
insert into classes_students (class_id, student_id) values (8, 142);
insert into classes_students (class_id, student_id) values (8, 143);
insert into classes_students (class_id, student_id) values (8, 144);
insert into classes_students (class_id, student_id) values (8, 145);
insert into classes_students (class_id, student_id) values (8, 146);
insert into classes_students (class_id, student_id) values (8, 147);
insert into classes_students (class_id, student_id) values (8, 148);
insert into classes_students (class_id, student_id) values (8, 149);
insert into classes_students (class_id, student_id) values (8, 150);
insert into classes_students (class_id, student_id) values (8, 151);
insert into classes_students (class_id, student_id) values (8, 152);
insert into classes_students (class_id, student_id) values (8, 153);
insert into classes_students (class_id, student_id) values (8, 154);
insert into classes_students (class_id, student_id) values (8, 155);
insert into classes_students (class_id, student_id) values (8, 156);
insert into classes_students (class_id, student_id) values (8, 157);
insert into classes_students (class_id, student_id) values (8, 158);
insert into classes_students (class_id, student_id) values (8, 159);
insert into classes_students (class_id, student_id) values (8, 160);
insert into classes_students (class_id, student_id) values (9, 161);
insert into classes_students (class_id, student_id) values (9, 162);
insert into classes_students (class_id, student_id) values (9, 163);
insert into classes_students (class_id, student_id) values (9, 164);
insert into classes_students (class_id, student_id) values (9, 165);
insert into classes_students (class_id, student_id) values (9, 166);
insert into classes_students (class_id, student_id) values (9, 167);
insert into classes_students (class_id, student_id) values (9, 168);
insert into classes_students (class_id, student_id) values (9, 169);
insert into classes_students (class_id, student_id) values (9, 170);
insert into classes_students (class_id, student_id) values (9, 171);
insert into classes_students (class_id, student_id) values (9, 172);
insert into classes_students (class_id, student_id) values (9, 173);
insert into classes_students (class_id, student_id) values (9, 174);
insert into classes_students (class_id, student_id) values (9, 175);
insert into classes_students (class_id, student_id) values (9, 176);
insert into classes_students (class_id, student_id) values (9, 177);
insert into classes_students (class_id, student_id) values (9, 178);
insert into classes_students (class_id, student_id) values (9, 179);
insert into classes_students (class_id, student_id) values (9, 180);
insert into classes_students (class_id, student_id) values (10, 181);
insert into classes_students (class_id, student_id) values (10, 182);
insert into classes_students (class_id, student_id) values (10, 183);
insert into classes_students (class_id, student_id) values (10, 184);
insert into classes_students (class_id, student_id) values (10, 185);
insert into classes_students (class_id, student_id) values (10, 186);
insert into classes_students (class_id, student_id) values (10, 187);
insert into classes_students (class_id, student_id) values (10, 188);
insert into classes_students (class_id, student_id) values (10, 189);
insert into classes_students (class_id, student_id) values (10, 190);
insert into classes_students (class_id, student_id) values (10, 191);
insert into classes_students (class_id, student_id) values (10, 192);
insert into classes_students (class_id, student_id) values (10, 193);
insert into classes_students (class_id, student_id) values (10, 194);
insert into classes_students (class_id, student_id) values (10, 195);
insert into classes_students (class_id, student_id) values (10, 196);
insert into classes_students (class_id, student_id) values (10, 197);
insert into classes_students (class_id, student_id) values (10, 198);
insert into classes_students (class_id, student_id) values (10, 199);
insert into classes_students (class_id, student_id) values (10, 200);

insert into classes_students (class_id, student_id) values (11, 3);
insert into classes_students (class_id, student_id) values (12, 5);
insert into classes_students (class_id, student_id) values (11, 6);
insert into classes_students (class_id, student_id) values (13, 7);
insert into classes_students (class_id, student_id) values (11, 9);
insert into classes_students (class_id, student_id) values (12, 10);
insert into classes_students (class_id, student_id) values (14, 11);
insert into classes_students (class_id, student_id) values (11, 12);
insert into classes_students (class_id, student_id) values (15, 13);
insert into classes_students (class_id, student_id) values (13, 14);
insert into classes_students (class_id, student_id) values (11, 15);
insert into classes_students (class_id, student_id) values (12, 15);
insert into classes_students (class_id, student_id) values (11, 18);
insert into classes_students (class_id, student_id) values (12, 20);
insert into classes_students (class_id, student_id) values (11, 21);
insert into classes_students (class_id, student_id) values (13, 21);
insert into classes_students (class_id, student_id) values (14, 22);
insert into classes_students (class_id, student_id) values (11, 24);
insert into classes_students (class_id, student_id) values (12, 25);
insert into classes_students (class_id, student_id) values (15, 26);
insert into classes_students (class_id, student_id) values (11, 27);
insert into classes_students (class_id, student_id) values (13, 28);
insert into classes_students (class_id, student_id) values (11, 30);
insert into classes_students (class_id, student_id) values (12, 30);
insert into classes_students (class_id, student_id) values (11, 33);
insert into classes_students (class_id, student_id) values (14, 33);
insert into classes_students (class_id, student_id) values (12, 35);
insert into classes_students (class_id, student_id) values (13, 35);
insert into classes_students (class_id, student_id) values (11, 36);
insert into classes_students (class_id, student_id) values (15, 39);
insert into classes_students (class_id, student_id) values (11, 39);
insert into classes_students (class_id, student_id) values (12, 40);
insert into classes_students (class_id, student_id) values (11, 42);
insert into classes_students (class_id, student_id) values (13, 42);
insert into classes_students (class_id, student_id) values (14, 44);
insert into classes_students (class_id, student_id) values (11, 45);
insert into classes_students (class_id, student_id) values (12, 45);
insert into classes_students (class_id, student_id) values (11, 48);
insert into classes_students (class_id, student_id) values (13, 49);
insert into classes_students (class_id, student_id) values (12, 50);
insert into classes_students (class_id, student_id) values (11, 51);
insert into classes_students (class_id, student_id) values (15, 52);
insert into classes_students (class_id, student_id) values (11, 54);
insert into classes_students (class_id, student_id) values (12, 55);
insert into classes_students (class_id, student_id) values (14, 55);
insert into classes_students (class_id, student_id) values (13, 56);
insert into classes_students (class_id, student_id) values (11, 57);
insert into classes_students (class_id, student_id) values (11, 60);
insert into classes_students (class_id, student_id) values (12, 60);
insert into classes_students (class_id, student_id) values (11, 63);
insert into classes_students (class_id, student_id) values (13, 63);
insert into classes_students (class_id, student_id) values (15, 65);
insert into classes_students (class_id, student_id) values (12, 65);
insert into classes_students (class_id, student_id) values (11, 66);
insert into classes_students (class_id, student_id) values (14, 66);
insert into classes_students (class_id, student_id) values (11, 69);
insert into classes_students (class_id, student_id) values (12, 70);
insert into classes_students (class_id, student_id) values (13, 70);
insert into classes_students (class_id, student_id) values (11, 72);
insert into classes_students (class_id, student_id) values (11, 75);
insert into classes_students (class_id, student_id) values (12, 75);
insert into classes_students (class_id, student_id) values (13, 77);
insert into classes_students (class_id, student_id) values (14, 77);
insert into classes_students (class_id, student_id) values (15, 78);
insert into classes_students (class_id, student_id) values (11, 78);
insert into classes_students (class_id, student_id) values (12, 80);
insert into classes_students (class_id, student_id) values (11, 81);
insert into classes_students (class_id, student_id) values (11, 84);
insert into classes_students (class_id, student_id) values (13, 84);
insert into classes_students (class_id, student_id) values (12, 85);
insert into classes_students (class_id, student_id) values (11, 87);
insert into classes_students (class_id, student_id) values (14, 88);
insert into classes_students (class_id, student_id) values (11, 90);
insert into classes_students (class_id, student_id) values (12, 90);
insert into classes_students (class_id, student_id) values (15, 91);
insert into classes_students (class_id, student_id) values (13, 91);
insert into classes_students (class_id, student_id) values (11, 93);
insert into classes_students (class_id, student_id) values (12, 95);
insert into classes_students (class_id, student_id) values (11, 96);
insert into classes_students (class_id, student_id) values (13, 98);
insert into classes_students (class_id, student_id) values (11, 99);
insert into classes_students (class_id, student_id) values (14, 99);
insert into classes_students (class_id, student_id) values (12, 100);
insert into classes_students (class_id, student_id) values (11, 102);
insert into classes_students (class_id, student_id) values (15, 104);
insert into classes_students (class_id, student_id) values (11, 105);
insert into classes_students (class_id, student_id) values (12, 105);
insert into classes_students (class_id, student_id) values (13, 105);
insert into classes_students (class_id, student_id) values (11, 108);
insert into classes_students (class_id, student_id) values (12, 110);
insert into classes_students (class_id, student_id) values (14, 110);
insert into classes_students (class_id, student_id) values (11, 111);
insert into classes_students (class_id, student_id) values (13, 112);
insert into classes_students (class_id, student_id) values (11, 114);
insert into classes_students (class_id, student_id) values (12, 115);
insert into classes_students (class_id, student_id) values (15, 117);
insert into classes_students (class_id, student_id) values (11, 117);
insert into classes_students (class_id, student_id) values (13, 119);
insert into classes_students (class_id, student_id) values (11, 120);
insert into classes_students (class_id, student_id) values (12, 120);
insert into classes_students (class_id, student_id) values (14, 121);
insert into classes_students (class_id, student_id) values (11, 123);
insert into classes_students (class_id, student_id) values (12, 125);
insert into classes_students (class_id, student_id) values (11, 126);
insert into classes_students (class_id, student_id) values (13, 126);
insert into classes_students (class_id, student_id) values (11, 129);
insert into classes_students (class_id, student_id) values (15, 130);
insert into classes_students (class_id, student_id) values (12, 130);
insert into classes_students (class_id, student_id) values (11, 132);
insert into classes_students (class_id, student_id) values (14, 132);
insert into classes_students (class_id, student_id) values (13, 133);
insert into classes_students (class_id, student_id) values (11, 135);
insert into classes_students (class_id, student_id) values (12, 135);
insert into classes_students (class_id, student_id) values (11, 138);
insert into classes_students (class_id, student_id) values (12, 140);
insert into classes_students (class_id, student_id) values (13, 140);
insert into classes_students (class_id, student_id) values (11, 141);
insert into classes_students (class_id, student_id) values (15, 143);
insert into classes_students (class_id, student_id) values (14, 143);
insert into classes_students (class_id, student_id) values (11, 144);
insert into classes_students (class_id, student_id) values (12, 145);
insert into classes_students (class_id, student_id) values (11, 147);
insert into classes_students (class_id, student_id) values (13, 147);
insert into classes_students (class_id, student_id) values (11, 150);
insert into classes_students (class_id, student_id) values (12, 150);
insert into classes_students (class_id, student_id) values (11, 153);
insert into classes_students (class_id, student_id) values (13, 154);
insert into classes_students (class_id, student_id) values (14, 154);
insert into classes_students (class_id, student_id) values (12, 155);
insert into classes_students (class_id, student_id) values (15, 156);
insert into classes_students (class_id, student_id) values (11, 156);
insert into classes_students (class_id, student_id) values (11, 159);
insert into classes_students (class_id, student_id) values (12, 160);
insert into classes_students (class_id, student_id) values (13, 161);
insert into classes_students (class_id, student_id) values (11, 162);
insert into classes_students (class_id, student_id) values (11, 165);
insert into classes_students (class_id, student_id) values (12, 165);
insert into classes_students (class_id, student_id) values (14, 165);
insert into classes_students (class_id, student_id) values (11, 168);
insert into classes_students (class_id, student_id) values (13, 168);
insert into classes_students (class_id, student_id) values (15, 169);
insert into classes_students (class_id, student_id) values (12, 170);
insert into classes_students (class_id, student_id) values (11, 171);
insert into classes_students (class_id, student_id) values (11, 174);
insert into classes_students (class_id, student_id) values (12, 175);
insert into classes_students (class_id, student_id) values (13, 175);
insert into classes_students (class_id, student_id) values (14, 176);
insert into classes_students (class_id, student_id) values (11, 177);
insert into classes_students (class_id, student_id) values (11, 180);
insert into classes_students (class_id, student_id) values (12, 180);
insert into classes_students (class_id, student_id) values (15, 182);
insert into classes_students (class_id, student_id) values (13, 182);
insert into classes_students (class_id, student_id) values (11, 183);
insert into classes_students (class_id, student_id) values (12, 185);
insert into classes_students (class_id, student_id) values (11, 186);
insert into classes_students (class_id, student_id) values (14, 187);
insert into classes_students (class_id, student_id) values (11, 189);
insert into classes_students (class_id, student_id) values (13, 189);
insert into classes_students (class_id, student_id) values (12, 190);
insert into classes_students (class_id, student_id) values (11, 192);
insert into classes_students (class_id, student_id) values (15, 195);
insert into classes_students (class_id, student_id) values (11, 195);
insert into classes_students (class_id, student_id) values (12, 195);
insert into classes_students (class_id, student_id) values (13, 196);
insert into classes_students (class_id, student_id) values (11, 198);
insert into classes_students (class_id, student_id) values (14, 198);
insert into classes_students (class_id, student_id) values (12, 200);
--------------------------------------------- BREAK ---------------------------------------------------
